pin_id,article_slug,article_title,quality_status,ok,reasons,quality_rule_key,quality_rule_label,quality_score,source_signature,quality_source_key,quality_source_type,quality_source_url,image_file,image_url,width,height
brick-front-walkway-landscaping-ideas-a,brick-front-walkway-landscaping-ideas,Brick Front Walkway Landscaping Ideas,approved,no,missing_visible_house_exterior,brick-walkway,Brick walkway visible,82,unsplash:photo-1666040625810-10a88a71892b,photo 1666040625810 10a88a71892b,unsplash-search,https://images.unsplash.com/photo-1666040625810-10a88a71892b,brick-front-walkway-landscaping-ideas-pin-a-zvf2b.jpg,https://frontyardaura.com/pins/brick-front-walkway-landscaping-ideas-pin-a-zvf2b.jpg,1000,1500
budget-front-yard-ideas-with-secondhand-stone-a,budget-front-yard-ideas-with-secondhand-stone,Budget Front Yard Ideas With Secondhand Stone,approved,no,missing_visible_front_yard,rock-landscaping,"Rocks, boulders, or gravel visible",90,unsplash:photo-1748785723427-6401d398be88,photo 1748785723427 6401d398be88,unsplash-search,https://images.unsplash.com/photo-1748785723427-6401d398be88,budget-front-yard-ideas-with-secondhand-stone-pin-a-14k50.jpg,https://frontyardaura.com/pins/budget-front-yard-ideas-with-secondhand-stone-pin-a-14k50.jpg,1000,1500
budget-front-yard-ideas-with-secondhand-stone-b,budget-front-yard-ideas-with-secondhand-stone,Budget Front Yard Ideas With Secondhand Stone,approved,no,missing_visible_house_exterior,rock-landscaping,"Rocks, boulders, or gravel visible",82,unsplash:photo-1710755790687-e7919d5dfeb3,photo 1710755790687 e7919d5dfeb3,unsplash-search,https://images.unsplash.com/photo-1710755790687-e7919d5dfeb3,budget-front-yard-ideas-with-secondhand-stone-pin-b-14a5e.jpg,https://frontyardaura.com/pins/budget-front-yard-ideas-with-secondhand-stone-pin-b-14a5e.jpg,1000,1500
curb-appeal-landscaping-for-black-houses-a,curb-appeal-landscaping-for-black-houses,Curb Appeal Landscaping for Black Houses,approved,no,missing_visible_front_yard; missing_landscaping_element,black-house,Black or dark house visible,84,unsplash:photo-1593297779108-fc0df41cca94,photo 1593297779108 fc0df41cca94,unsplash-search,https://images.unsplash.com/photo-1593297779108-fc0df41cca94,curb-appeal-landscaping-for-black-houses-pin-a-ubo0t.jpg,https://frontyardaura.com/pins/curb-appeal-landscaping-for-black-houses-pin-a-ubo0t.jpg,1000,1500
curb-appeal-landscaping-for-black-houses-b,curb-appeal-landscaping-for-black-houses,Curb Appeal Landscaping for Black Houses,approved,no,missing_visible_front_yard; missing_landscaping_element,black-house,Black or dark house visible,84,unsplash:photo-1675747159044-cd54aec604e5,photo 1675747159044 cd54aec604e5,unsplash-search,https://images.unsplash.com/photo-1675747159044-cd54aec604e5,curb-appeal-landscaping-for-black-houses-pin-b-ulnmi.jpg,https://frontyardaura.com/pins/curb-appeal-landscaping-for-black-houses-pin-b-ulnmi.jpg,1000,1500
curb-appeal-landscaping-for-blue-houses-a,curb-appeal-landscaping-for-blue-houses,Curb Appeal Landscaping for Blue Houses,approved,no,missing_visible_front_yard; missing_landscaping_element,blue-house,Blue house visible,84,unsplash:photo-1625603736199-775425d2890a,photo 1625603736199 775425d2890a,unsplash-search,https://images.unsplash.com/photo-1625603736199-775425d2890a,curb-appeal-landscaping-for-blue-houses-pin-a-4zld6.jpg,https://frontyardaura.com/pins/curb-appeal-landscaping-for-blue-houses-pin-a-4zld6.jpg,1000,1500
curb-appeal-landscaping-for-colonial-homes-a,curb-appeal-landscaping-for-colonial-homes,Curb Appeal Landscaping for Colonial Homes,approved,no,missing_landscaping_element,colonial-home,Colonial home cues visible,98,unsplash:photo-1600791599208-668cd511c69c,photo 1600791599208 668cd511c69c,unsplash-search,https://images.unsplash.com/photo-1600791599208-668cd511c69c,curb-appeal-landscaping-for-colonial-homes-pin-a-dnpis.jpg,https://frontyardaura.com/pins/curb-appeal-landscaping-for-colonial-homes-pin-a-dnpis.jpg,1000,1500
curb-appeal-landscaping-for-colonial-homes-b,curb-appeal-landscaping-for-colonial-homes,Curb Appeal Landscaping for Colonial Homes,approved,no,missing_visible_front_yard; missing_landscaping_element; architecture_dominates_frame,colonial-home,Colonial home cues visible,92,unsplash:photo-1780245990091-fe12f601fa90,photo 1780245990091 fe12f601fa90,unsplash-search,https://images.unsplash.com/photo-1780245990091-fe12f601fa90,curb-appeal-landscaping-for-colonial-homes-pin-b-ddpx3.jpg,https://frontyardaura.com/pins/curb-appeal-landscaping-for-colonial-homes-pin-b-ddpx3.jpg,1000,1500
curb-appeal-landscaping-for-colonial-homes-c,curb-appeal-landscaping-for-colonial-homes,Curb Appeal Landscaping for Colonial Homes,approved,no,missing_visible_front_yard; missing_landscaping_element,colonial-home,Colonial home cues visible,92,unsplash:photo-1763909130798-7c38ff5e1c97,photo 1763909130798 7c38ff5e1c97,unsplash-search,https://images.unsplash.com/photo-1763909130798-7c38ff5e1c97,curb-appeal-landscaping-for-colonial-homes-pin-c-d3qbe.jpg,https://frontyardaura.com/pins/curb-appeal-landscaping-for-colonial-homes-pin-c-d3qbe.jpg,1000,1500
curb-appeal-landscaping-for-craftsman-bungalows-a,curb-appeal-landscaping-for-craftsman-bungalows,Curb Appeal Landscaping for Craftsman Bungalows,approved,yes,,front-yard-exterior,Front yard and exterior visible,92,unsplash:photo-1589321084815-4e5f1740cbc6,photo 1589321084815 4e5f1740cbc6,unsplash-search,https://images.unsplash.com/photo-1589321084815-4e5f1740cbc6,curb-appeal-landscaping-for-craftsman-bungalows-pin-a-xf9hn.jpg,https://frontyardaura.com/pins/curb-appeal-landscaping-for-craftsman-bungalows-pin-a-xf9hn.jpg,1000,1500
curb-appeal-landscaping-for-farmhouse-exteriors-a,curb-appeal-landscaping-for-farmhouse-exteriors,Curb Appeal Landscaping for Farmhouse Exteriors,approved,no,missing_visible_front_yard,white-farmhouse,White farmhouse exterior visible,84,unsplash:photo-1768179123387-b9bba0913bfa,photo 1768179123387 b9bba0913bfa,unsplash-search,https://images.unsplash.com/photo-1768179123387-b9bba0913bfa,curb-appeal-landscaping-for-farmhouse-exteriors-pin-a-smuov.jpg,https://frontyardaura.com/pins/curb-appeal-landscaping-for-farmhouse-exteriors-pin-a-smuov.jpg,1000,1500
curb-appeal-landscaping-for-farmhouse-exteriors-b,curb-appeal-landscaping-for-farmhouse-exteriors,Curb Appeal Landscaping for Farmhouse Exteriors,approved,no,missing_visible_front_yard; missing_landscaping_element,white-farmhouse,White farmhouse exterior visible,84,unsplash:photo-1778603346141-a73bd5c0209f,photo 1778603346141 a73bd5c0209f,unsplash-search,https://images.unsplash.com/photo-1778603346141-a73bd5c0209f,curb-appeal-landscaping-for-farmhouse-exteriors-pin-b-tgthy.jpg,https://frontyardaura.com/pins/curb-appeal-landscaping-for-farmhouse-exteriors-pin-b-tgthy.jpg,1000,1500
curb-appeal-landscaping-for-small-ranch-houses-a,curb-appeal-landscaping-for-small-ranch-houses,Curb Appeal Landscaping for Small Ranch Houses,approved,no,missing_visible_front_yard,small-front-yard,Small or compact front yard visible,84,unsplash:photo-1712195855605-31613010d065,photo 1712195855605 31613010d065,unsplash-search,https://images.unsplash.com/photo-1712195855605-31613010d065,curb-appeal-landscaping-for-small-ranch-houses-pin-a-6qj14.jpg,https://frontyardaura.com/pins/curb-appeal-landscaping-for-small-ranch-houses-pin-a-6qj14.jpg,1000,1500
curb-appeal-landscaping-for-stone-houses-a,curb-appeal-landscaping-for-stone-houses,Curb Appeal Landscaping for Stone Houses,approved,no,missing_visible_front_yard,rock-landscaping,"Rocks, boulders, or gravel visible",98,unsplash:photo-1653569511862-8a0320ae66cc,photo 1653569511862 8a0320ae66cc,unsplash-search,https://images.unsplash.com/photo-1653569511862-8a0320ae66cc,curb-appeal-landscaping-for-stone-houses-pin-a-prf3v.jpg,https://frontyardaura.com/pins/curb-appeal-landscaping-for-stone-houses-pin-a-prf3v.jpg,1000,1500
curb-appeal-landscaping-ideas-that-look-expensive-a,curb-appeal-landscaping-ideas-that-look-expensive,Curb Appeal Landscaping Ideas That Make a Home Look Expensive,approved,no,missing_landscaping_element,front-yard-exterior,Front yard and exterior visible,98,unsplash:photo-1753799515926-a498f5e91c49,photo 1753799515926 a498f5e91c49,unsplash-search,https://images.unsplash.com/photo-1753799515926-a498f5e91c49,curb-appeal-landscaping-ideas-that-look-expensive-pin-a-x2tdk.jpg,https://frontyardaura.com/pins/curb-appeal-landscaping-ideas-that-look-expensive-pin-a-x2tdk.jpg,1000,1500
curb-appeal-landscaping-ideas-that-look-expensive-b,curb-appeal-landscaping-ideas-that-look-expensive,Curb Appeal Landscaping Ideas That Make a Home Look Expensive,approved,yes,,front-yard-exterior,Front yard and exterior visible,92,unsplash:photo-1731259240474-5370d9ca53ba,photo 1731259240474 5370d9ca53ba,unsplash-search,https://images.unsplash.com/photo-1731259240474-5370d9ca53ba,curb-appeal-landscaping-ideas-that-look-expensive-pin-b-wstrv.jpg,https://frontyardaura.com/pins/curb-appeal-landscaping-ideas-that-look-expensive-pin-b-wstrv.jpg,1000,1500
curb-appeal-landscaping-ideas-that-look-expensive-c,curb-appeal-landscaping-ideas-that-look-expensive,Curb Appeal Landscaping Ideas That Make a Home Look Expensive,approved,yes,,front-yard-exterior,Front yard and exterior visible,92,unsplash:photo-1750129028051-3b91618d919e,photo 1750129028051 3b91618d919e,unsplash-search,https://images.unsplash.com/photo-1750129028051-3b91618d919e,curb-appeal-landscaping-ideas-that-look-expensive-pin-c-wiu66.jpg,https://frontyardaura.com/pins/curb-appeal-landscaping-ideas-that-look-expensive-pin-c-wiu66.jpg,1000,1500
curb-appeal-landscaping-with-a-statement-tree-a,curb-appeal-landscaping-with-a-statement-tree,Curb Appeal Landscaping With a Statement Tree,approved,yes,,front-yard-exterior,Front yard and exterior visible,98,unsplash:photo-1750682916296-71e66f86171d,photo 1750682916296 71e66f86171d,unsplash-search,https://images.unsplash.com/photo-1750682916296-71e66f86171d,curb-appeal-landscaping-with-a-statement-tree-pin-a-1v019.jpg,https://frontyardaura.com/pins/curb-appeal-landscaping-with-a-statement-tree-pin-a-1v019.jpg,1000,1500
curb-appeal-landscaping-with-a-statement-tree-b,curb-appeal-landscaping-with-a-statement-tree,Curb Appeal Landscaping With a Statement Tree,approved,no,missing_required_title_element; missing_visible_house_exterior; missing_landscaping_element,front-yard-exterior,Front yard and exterior visible,90,unsplash:photo-1752450589562-4b221a3fb31a,photo 1752450589562 4b221a3fb31a,unsplash-search,https://images.unsplash.com/photo-1752450589562-4b221a3fb31a,curb-appeal-landscaping-with-a-statement-tree-pin-b-1u62g.jpg,https://frontyardaura.com/pins/curb-appeal-landscaping-with-a-statement-tree-pin-b-1u62g.jpg,1000,1500
curb-appeal-landscaping-with-clean-foundation-beds-a,curb-appeal-landscaping-with-clean-foundation-beds,Curb Appeal Landscaping With Clean Foundation Beds,approved,no,missing_landscaping_element,front-yard-exterior,Front yard and exterior visible,104,unsplash:photo-1530079427717-5d72ed352909,photo 1530079427717 5d72ed352909,unsplash-search,https://images.unsplash.com/photo-1530079427717-5d72ed352909,curb-appeal-landscaping-with-clean-foundation-beds-pin-a-e139q.jpg,https://frontyardaura.com/pins/curb-appeal-landscaping-with-clean-foundation-beds-pin-a-e139q.jpg,1000,1500
curb-appeal-landscaping-with-clean-foundation-beds-b,curb-appeal-landscaping-with-clean-foundation-beds,Curb Appeal Landscaping With Clean Foundation Beds,approved,yes,,front-yard-exterior,Front yard and exterior visible,104,unsplash:photo-1702315352219-3400c2495b02,photo 1702315352219 3400c2495b02,unsplash-search,https://images.unsplash.com/photo-1702315352219-3400c2495b02,curb-appeal-landscaping-with-clean-foundation-beds-pin-b-eb2vf.jpg,https://frontyardaura.com/pins/curb-appeal-landscaping-with-clean-foundation-beds-pin-b-eb2vf.jpg,1000,1500
curb-appeal-landscaping-with-clean-foundation-beds-c,curb-appeal-landscaping-with-clean-foundation-beds,Curb Appeal Landscaping With Clean Foundation Beds,approved,no,missing_required_title_element; missing_visible_house_exterior,front-yard-exterior,Front yard and exterior visible,96,unsplash:photo-1604990304391-0ceb013cc205,photo 1604990304391 0ceb013cc205,unsplash-search,https://images.unsplash.com/photo-1604990304391-0ceb013cc205,curb-appeal-landscaping-with-clean-foundation-beds-pin-c-el2h4.jpg,https://frontyardaura.com/pins/curb-appeal-landscaping-with-clean-foundation-beds-pin-c-el2h4.jpg,1000,1500
curb-appeal-landscaping-with-front-step-planters-a,curb-appeal-landscaping-with-front-step-planters,Curb Appeal Landscaping With Front Step Planters,approved,no,missing_visible_front_yard,planters,Planters or containers visible,92,unsplash:photo-1757992141341-e2c987139153,photo 1757992141341 e2c987139153,unsplash-search,https://images.unsplash.com/photo-1757992141341-e2c987139153,curb-appeal-landscaping-with-front-step-planters-pin-a-1v7od.jpg,https://frontyardaura.com/pins/curb-appeal-landscaping-with-front-step-planters-pin-a-1v7od.jpg,1000,1500
curb-appeal-landscaping-with-front-step-planters-b,curb-appeal-landscaping-with-front-step-planters,Curb Appeal Landscaping With Front Step Planters,approved,no,missing_visible_front_yard,planters,Planters or containers visible,92,unsplash:photo-1745946926024-02d830d63b79,photo 1745946926024 02d830d63b79,unsplash-search,https://images.unsplash.com/photo-1745946926024-02d830d63b79,curb-appeal-landscaping-with-front-step-planters-pin-b-1vhnz.jpg,https://frontyardaura.com/pins/curb-appeal-landscaping-with-front-step-planters-pin-b-1vhnz.jpg,1000,1500
curb-appeal-landscaping-with-front-step-planters-c,curb-appeal-landscaping-with-front-step-planters,Curb Appeal Landscaping With Front Step Planters,approved,no,missing_visible_house_exterior,planters,Planters or containers visible,76,unsplash:photo-1776634980704-1cb05569b4bd,photo 1776634980704 1cb05569b4bd,unsplash-search,https://images.unsplash.com/photo-1776634980704-1cb05569b4bd,curb-appeal-landscaping-with-front-step-planters-pin-c-1vrnl.jpg,https://frontyardaura.com/pins/curb-appeal-landscaping-with-front-step-planters-pin-c-1vrnl.jpg,1000,1500
curb-appeal-landscaping-with-front-yard-focal-points-a,curb-appeal-landscaping-with-front-yard-focal-points,Curb Appeal Landscaping With Front Yard Focal Points,approved,yes,,front-yard-exterior,Front yard and exterior visible,98,unsplash:photo-1655758267329-03260e74a860,photo 1655758267329 03260e74a860,unsplash-search,https://images.unsplash.com/photo-1655758267329-03260e74a860,curb-appeal-landscaping-with-front-yard-focal-points-pin-a-1ps1n.jpg,https://frontyardaura.com/pins/curb-appeal-landscaping-with-front-yard-focal-points-pin-a-1ps1n.jpg,1000,1500
curb-appeal-landscaping-with-front-yard-focal-points-b,curb-appeal-landscaping-with-front-yard-focal-points,Curb Appeal Landscaping With Front Yard Focal Points,approved,no,missing_landscaping_element,front-yard-exterior,Front yard and exterior visible,98,unsplash:photo-1777863073984-5ce6a3e3e352,photo 1777863073984 5ce6a3e3e352,unsplash-search,https://images.unsplash.com/photo-1777863073984-5ce6a3e3e352,curb-appeal-landscaping-with-front-yard-focal-points-pin-b-1oy2u.jpg,https://frontyardaura.com/pins/curb-appeal-landscaping-with-front-yard-focal-points-pin-b-1oy2u.jpg,1000,1500
curb-appeal-landscaping-with-front-yard-focal-points-c,curb-appeal-landscaping-with-front-yard-focal-points,Curb Appeal Landscaping With Front Yard Focal Points,approved,no,missing_landscaping_element,front-yard-exterior,Front yard and exterior visible,98,unsplash:photo-1761418022097-621b807bea0f,photo 1761418022097 621b807bea0f,unsplash-search,https://images.unsplash.com/photo-1761418022097-621b807bea0f,curb-appeal-landscaping-with-front-yard-focal-points-pin-c-1p82f.jpg,https://frontyardaura.com/pins/curb-appeal-landscaping-with-front-yard-focal-points-pin-c-1p82f.jpg,1000,1500
curb-appeal-landscaping-with-seasonal-containers-a,curb-appeal-landscaping-with-seasonal-containers,Curb Appeal Landscaping With Seasonal Containers,approved,no,missing_visible_front_yard,planters,Planters or containers visible,84,unsplash:photo-1761061079411-7cc03db36d71,photo 1761061079411 7cc03db36d71,unsplash-search,https://images.unsplash.com/photo-1761061079411-7cc03db36d71,curb-appeal-landscaping-with-seasonal-containers-pin-a-1bf97.jpg,https://frontyardaura.com/pins/curb-appeal-landscaping-with-seasonal-containers-pin-a-1bf97.jpg,1000,1500
flagstone-front-walkway-ideas-a,flagstone-front-walkway-ideas,Flagstone Front Walkway Ideas,approved,no,missing_visible_house_exterior,walkway,Walkway or path visible,88,unsplash:photo-1741362278079-6faa25f13816,photo 1741362278079 6faa25f13816,unsplash-search,https://images.unsplash.com/photo-1741362278079-6faa25f13816,flagstone-front-walkway-ideas-pin-a-18nqf.jpg,https://frontyardaura.com/pins/flagstone-front-walkway-ideas-pin-a-18nqf.jpg,1000,1500
flagstone-front-walkway-ideas-b,flagstone-front-walkway-ideas,Flagstone Front Walkway Ideas,approved,no,missing_visible_house_exterior,walkway,Walkway or path visible,88,unsplash:photo-1750736134491-22d38e8ec788,photo 1750736134491 22d38e8ec788,unsplash-search,https://images.unsplash.com/photo-1750736134491-22d38e8ec788,flagstone-front-walkway-ideas-pin-b-18xq1.jpg,https://frontyardaura.com/pins/flagstone-front-walkway-ideas-pin-b-18xq1.jpg,1000,1500
front-walkway-ideas-for-colonial-homes-a,front-walkway-ideas-for-colonial-homes,Front Walkway Ideas for Colonial Homes,approved,no,missing_visible_front_yard; missing_landscaping_element,colonial-home,Colonial home cues visible,84,unsplash:photo-1761506389311-41081f87d656,photo 1761506389311 41081f87d656,unsplash-search,https://images.unsplash.com/photo-1761506389311-41081f87d656,front-walkway-ideas-for-colonial-homes-pin-a-kh10a.jpg,https://frontyardaura.com/pins/front-walkway-ideas-for-colonial-homes-pin-a-kh10a.jpg,1000,1500
front-walkway-ideas-for-colonial-homes-b,front-walkway-ideas-for-colonial-homes,Front Walkway Ideas for Colonial Homes,approved,no,missing_visible_front_yard; missing_landscaping_element,colonial-home,Colonial home cues visible,84,unsplash:photo-1775439450984-555f7d208c68,photo 1775439450984 555f7d208c68,unsplash-search,https://images.unsplash.com/photo-1775439450984-555f7d208c68,front-walkway-ideas-for-colonial-homes-pin-b-k71el.jpg,https://frontyardaura.com/pins/front-walkway-ideas-for-colonial-homes-pin-b-k71el.jpg,1000,1500
front-walkway-ideas-for-colonial-homes-c,front-walkway-ideas-for-colonial-homes,Front Walkway Ideas for Colonial Homes,approved,no,missing_visible_front_yard; missing_landscaping_element,colonial-home,Colonial home cues visible,84,unsplash:photo-1777691886731-9a0b7490a2ae,photo 1777691886731 9a0b7490a2ae,unsplash-search,https://images.unsplash.com/photo-1777691886731-9a0b7490a2ae,front-walkway-ideas-for-colonial-homes-pin-c-jx1sw.jpg,https://frontyardaura.com/pins/front-walkway-ideas-for-colonial-homes-pin-c-jx1sw.jpg,1000,1500
front-walkway-ideas-with-brick-and-gravel-a,front-walkway-ideas-with-brick-and-gravel,Front Walkway Ideas With Brick and Gravel,approved,no,missing_visible_house_exterior,brick-walkway,Brick walkway visible,88,unsplash:photo-1780399346135-c33ca5e2073e,photo 1780399346135 c33ca5e2073e,unsplash-search,https://images.unsplash.com/photo-1780399346135-c33ca5e2073e,front-walkway-ideas-with-brick-and-gravel-pin-a-1rsvm.jpg,https://frontyardaura.com/pins/front-walkway-ideas-with-brick-and-gravel-pin-a-1rsvm.jpg,1000,1500
front-walkway-ideas-with-modern-gravel-joints-a,front-walkway-ideas-with-modern-gravel-joints,Front Walkway Ideas With Modern Gravel Joints,approved,no,missing_visible_house_exterior,gravel-path,Gravel path visible,82,unsplash:photo-1709923921155-1011980a4858,photo 1709923921155 1011980a4858,unsplash-search,https://images.unsplash.com/photo-1709923921155-1011980a4858,front-walkway-ideas-with-modern-gravel-joints-pin-a-mhf8h.jpg,https://frontyardaura.com/pins/front-walkway-ideas-with-modern-gravel-joints-pin-a-mhf8h.jpg,1000,1500
front-walkway-ideas-with-stepping-stones-and-grass-a,front-walkway-ideas-with-stepping-stones-and-grass,Front Walkway Ideas With Stepping Stones and Grass,approved,no,missing_visible_house_exterior,lawn,"Lawn, grass, or lawn stripes visible",82,unsplash:photo-1757402280759-baef4292d6a4,photo 1757402280759 baef4292d6a4,unsplash-search,https://images.unsplash.com/photo-1757402280759-baef4292d6a4,front-walkway-ideas-with-stepping-stones-and-grass-pin-a-1ifme.jpg,https://frontyardaura.com/pins/front-walkway-ideas-with-stepping-stones-and-grass-pin-a-1ifme.jpg,1000,1500
front-walkway-ideas-with-stepping-stones-and-grass-b,front-walkway-ideas-with-stepping-stones-and-grass,Front Walkway Ideas With Stepping Stones and Grass,approved,no,missing_visible_house_exterior,lawn,"Lawn, grass, or lawn stripes visible",76,unsplash:photo-1672314082735-246cbb83a830,photo 1672314082735 246cbb83a830,unsplash-search,https://images.unsplash.com/photo-1672314082735-246cbb83a830,front-walkway-ideas-with-stepping-stones-and-grass-pin-b-1iplz.jpg,https://frontyardaura.com/pins/front-walkway-ideas-with-stepping-stones-and-grass-pin-b-1iplz.jpg,1000,1500
front-yard-annual-flower-ideas-a,front-yard-annual-flower-ideas,Front Yard Annual Flower Ideas for Seasonal Color,approved,no,missing_visible_front_yard,flower-bed,Flower bed or flowers visible,90,unsplash:photo-1586175554766-77513ac248d0,photo 1586175554766 77513ac248d0,unsplash-search,https://images.unsplash.com/photo-1586175554766-77513ac248d0,front-yard-annual-flower-ideas-pin-a-1q2sv.jpg,https://frontyardaura.com/pins/front-yard-annual-flower-ideas-pin-a-1q2sv.jpg,1000,1500
front-yard-annual-flower-ideas-b,front-yard-annual-flower-ideas,Front Yard Annual Flower Ideas for Seasonal Color,approved,no,missing_visible_front_yard,flower-bed,Flower bed or flowers visible,90,unsplash:photo-1585107328143-be98f5f6119b,photo 1585107328143 be98f5f6119b,unsplash-search,https://images.unsplash.com/photo-1585107328143-be98f5f6119b,front-yard-annual-flower-ideas-pin-b-1qcsh.jpg,https://frontyardaura.com/pins/front-yard-annual-flower-ideas-pin-b-1qcsh.jpg,1000,1500
front-yard-annual-flower-ideas-c,front-yard-annual-flower-ideas,Front Yard Annual Flower Ideas for Seasonal Color,approved,no,missing_visible_house_exterior,flower-bed,Flower bed or flowers visible,88,unsplash:photo-1778231790451-1943c8c16479,photo 1778231790451 1943c8c16479,unsplash-search,https://images.unsplash.com/photo-1778231790451-1943c8c16479,front-yard-annual-flower-ideas-pin-c-1qms2.jpg,https://frontyardaura.com/pins/front-yard-annual-flower-ideas-pin-c-1qms2.jpg,1000,1500
front-yard-boxwood-and-flower-bed-ideas-a,front-yard-boxwood-and-flower-bed-ideas,Front Yard Boxwood and Flower Bed Ideas,approved,no,missing_visible_house_exterior,flower-bed,Flower bed or flowers visible,88,unsplash:photo-1671999940274-7b23fae3a074,photo 1671999940274 7b23fae3a074,unsplash-search,https://images.unsplash.com/photo-1671999940274-7b23fae3a074,front-yard-boxwood-and-flower-bed-ideas-pin-a-1nmct.jpg,https://frontyardaura.com/pins/front-yard-boxwood-and-flower-bed-ideas-pin-a-1nmct.jpg,1000,1500
front-yard-boxwood-and-flower-bed-ideas-b,front-yard-boxwood-and-flower-bed-ideas,Front Yard Boxwood and Flower Bed Ideas,approved,no,missing_visible_house_exterior,flower-bed,Flower bed or flowers visible,88,unsplash:photo-1727640500320-6a76103ca2e8,photo 1727640500320 6a76103ca2e8,unsplash-search,https://images.unsplash.com/photo-1727640500320-6a76103ca2e8,front-yard-boxwood-and-flower-bed-ideas-pin-b-1ogbm.jpg,https://frontyardaura.com/pins/front-yard-boxwood-and-flower-bed-ideas-pin-b-1ogbm.jpg,1000,1500
front-yard-cottage-curb-appeal-ideas-a,front-yard-cottage-curb-appeal-ideas,Front Yard Cottage Curb Appeal Ideas,approved,no,missing_required_title_element; missing_visible_front_yard,front-yard-exterior,Front yard and exterior visible,92,unsplash:photo-1779538931810-d1d1e9948633,photo 1779538931810 d1d1e9948633,unsplash-search,https://images.unsplash.com/photo-1779538931810-d1d1e9948633,front-yard-cottage-curb-appeal-ideas-pin-a-w6g3k.jpg,https://frontyardaura.com/pins/front-yard-cottage-curb-appeal-ideas-pin-a-w6g3k.jpg,1000,1500
front-yard-dahlia-bed-ideas-a,front-yard-dahlia-bed-ideas,Front Yard Dahlia Bed Ideas,approved,no,missing_visible_front_yard,flower-bed,Flower bed or flowers visible,90,unsplash:photo-1570780705953-b56d61ebed4d,photo 1570780705953 b56d61ebed4d,unsplash-search,https://images.unsplash.com/photo-1570780705953-b56d61ebed4d,front-yard-dahlia-bed-ideas-pin-a-1ncrl.jpg,https://frontyardaura.com/pins/front-yard-dahlia-bed-ideas-pin-a-1ncrl.jpg,1000,1500
front-yard-dahlia-bed-ideas-b,front-yard-dahlia-bed-ideas,Front Yard Dahlia Bed Ideas,approved,no,missing_visible_house_exterior,flower-bed,Flower bed or flowers visible,88,unsplash:photo-1760874465605-d4d7ef153c46,photo 1760874465605 d4d7ef153c46,unsplash-search,https://images.unsplash.com/photo-1760874465605-d4d7ef153c46,front-yard-dahlia-bed-ideas-pin-b-1miss.jpg,https://frontyardaura.com/pins/front-yard-dahlia-bed-ideas-pin-b-1miss.jpg,1000,1500
front-yard-dahlia-bed-ideas-c,front-yard-dahlia-bed-ideas,Front Yard Dahlia Bed Ideas,approved,no,missing_visible_house_exterior; missing_landscaping_element,flower-bed,Flower bed or flowers visible,88,unsplash:photo-1763230856087-c8cd9641db74,photo 1763230856087 c8cd9641db74,unsplash-search,https://images.unsplash.com/photo-1763230856087-c8cd9641db74,front-yard-dahlia-bed-ideas-pin-c-1msse.jpg,https://frontyardaura.com/pins/front-yard-dahlia-bed-ideas-pin-c-1msse.jpg,1000,1500
front-yard-entryway-landscaping-ideas-a,front-yard-entryway-landscaping-ideas,Front Yard Entryway Landscaping Ideas,approved,no,missing_required_title_element; missing_visible_front_yard; missing_landscaping_element,front-yard-exterior,Front yard and exterior visible,92,unsplash:photo-1770827960635-89263df7bb63,photo 1770827960635 89263df7bb63,unsplash-search,https://images.unsplash.com/photo-1770827960635-89263df7bb63,front-yard-entryway-landscaping-ideas-pin-a-1dkvs.jpg,https://frontyardaura.com/pins/front-yard-entryway-landscaping-ideas-pin-a-1dkvs.jpg,1000,1500
front-yard-flower-bed-around-tree-a,front-yard-flower-bed-around-tree,Front Yard Flower Bed Around a Tree Ideas,approved,no,missing_visible_house_exterior,flower-bed,Flower bed or flowers visible,88,unsplash:photo-1775890869691-f77eedfa3ecb,photo 1775890869691 f77eedfa3ecb,unsplash-search,https://images.unsplash.com/photo-1775890869691-f77eedfa3ecb,front-yard-flower-bed-around-tree-pin-a-12vy3.jpg,https://frontyardaura.com/pins/front-yard-flower-bed-around-tree-pin-a-12vy3.jpg,1000,1500
front-yard-flower-bed-around-tree-b,front-yard-flower-bed-around-tree,Front Yard Flower Bed Around a Tree Ideas,approved,no,missing_visible_house_exterior,flower-bed,Flower bed or flowers visible,88,unsplash:photo-1776397283708-58f3d080b7d0,photo 1776397283708 58f3d080b7d0,unsplash-search,https://images.unsplash.com/photo-1776397283708-58f3d080b7d0,front-yard-flower-bed-around-tree-pin-b-135xp.jpg,https://frontyardaura.com/pins/front-yard-flower-bed-around-tree-pin-b-135xp.jpg,1000,1500
front-yard-flower-bed-around-tree-c,front-yard-flower-bed-around-tree,Front Yard Flower Bed Around a Tree Ideas,approved,no,missing_visible_house_exterior; missing_landscaping_element,flower-bed,Flower bed or flowers visible,88,unsplash:photo-1777552657847-819dc9f3510d,photo 1777552657847 819dc9f3510d,unsplash-search,https://images.unsplash.com/photo-1777552657847-819dc9f3510d,front-yard-flower-bed-around-tree-pin-c-13fxb.jpg,https://frontyardaura.com/pins/front-yard-flower-bed-around-tree-pin-c-13fxb.jpg,1000,1500
front-yard-flower-bed-ideas-for-brick-walkways-a,front-yard-flower-bed-ideas-for-brick-walkways,Front Yard Flower Bed Ideas for Brick Walkways,approved,no,missing_visible_house_exterior,flower-bed,Flower bed or flowers visible,88,unsplash:photo-1694221098503-07fa7bd9bed6,photo 1694221098503 07fa7bd9bed6,unsplash-search,https://images.unsplash.com/photo-1694221098503-07fa7bd9bed6,front-yard-flower-bed-ideas-for-brick-walkways-pin-a-1ykqg.jpg,https://frontyardaura.com/pins/front-yard-flower-bed-ideas-for-brick-walkways-pin-a-1ykqg.jpg,1000,1500
front-yard-flower-bed-ideas-for-brick-walkways-b,front-yard-flower-bed-ideas-for-brick-walkways,Front Yard Flower Bed Ideas for Brick Walkways,approved,no,missing_visible_front_yard,flower-bed,Flower bed or flowers visible,84,unsplash:photo-1629899104925-ddb87c4cd239,photo 1629899104925 ddb87c4cd239,unsplash-search,https://images.unsplash.com/photo-1629899104925-ddb87c4cd239,front-yard-flower-bed-ideas-for-brick-walkways-pin-b-1yuq2.jpg,https://frontyardaura.com/pins/front-yard-flower-bed-ideas-for-brick-walkways-pin-b-1yuq2.jpg,1000,1500
front-yard-flower-bed-ideas-for-brick-walkways-c,front-yard-flower-bed-ideas-for-brick-walkways,Front Yard Flower Bed Ideas for Brick Walkways,approved,no,missing_visible_house_exterior,flower-bed,Flower bed or flowers visible,82,unsplash:photo-1774939234260-1f863f8a3ff9,photo 1774939234260 1f863f8a3ff9,unsplash-search,https://images.unsplash.com/photo-1774939234260-1f863f8a3ff9,front-yard-flower-bed-ideas-for-brick-walkways-pin-c-3lmdt.jpg,https://frontyardaura.com/pins/front-yard-flower-bed-ideas-for-brick-walkways-pin-c-3lmdt.jpg,1000,1500
front-yard-flower-bed-ideas-with-low-boxwoods-a,front-yard-flower-bed-ideas-with-low-boxwoods,Front Yard Flower Bed Ideas With Low Boxwoods,approved,no,missing_visible_house_exterior,flower-bed,Flower bed or flowers visible,88,unsplash:photo-1758699533302-0f1fa751e6b5,photo 1758699533302 0f1fa751e6b5,unsplash-search,https://images.unsplash.com/photo-1758699533302-0f1fa751e6b5,front-yard-flower-bed-ideas-with-low-boxwoods-pin-a-xwdqh.jpg,https://frontyardaura.com/pins/front-yard-flower-bed-ideas-with-low-boxwoods-pin-a-xwdqh.jpg,1000,1500
front-yard-flower-bed-ideas-with-low-boxwoods-b,front-yard-flower-bed-ideas-with-low-boxwoods,Front Yard Flower Bed Ideas With Low Boxwoods,approved,no,missing_visible_house_exterior,flower-bed,Flower bed or flowers visible,88,unsplash:photo-1780279187986-429d2db48cf2,photo 1780279187986 429d2db48cf2,unsplash-search,https://images.unsplash.com/photo-1780279187986-429d2db48cf2,front-yard-flower-bed-ideas-with-low-boxwoods-pin-b-x2exe.jpg,https://frontyardaura.com/pins/front-yard-flower-bed-ideas-with-low-boxwoods-pin-b-x2exe.jpg,1000,1500
front-yard-flower-bed-ideas-with-low-boxwoods-c,front-yard-flower-bed-ideas-with-low-boxwoods,Front Yard Flower Bed Ideas With Low Boxwoods,approved,no,missing_visible_house_exterior,flower-bed,Flower bed or flowers visible,88,unsplash:photo-1775972846289-c0cff14c562e,photo 1775972846289 c0cff14c562e,unsplash-search,https://images.unsplash.com/photo-1775972846289-c0cff14c562e,front-yard-flower-bed-ideas-with-low-boxwoods-pin-c-xcej3.jpg,https://frontyardaura.com/pins/front-yard-flower-bed-ideas-with-low-boxwoods-pin-c-xcej3.jpg,1000,1500
front-yard-flower-bed-ideas-with-stone-edging-a,front-yard-flower-bed-ideas-with-stone-edging,Front Yard Flower Bed Ideas With Stone Edging,approved,no,missing_visible_house_exterior,flower-bed,Flower bed or flowers visible,88,unsplash:photo-1744450861667-22b6f08a059b,photo 1744450861667 22b6f08a059b,unsplash-search,https://images.unsplash.com/photo-1744450861667-22b6f08a059b,front-yard-flower-bed-ideas-with-stone-edging-pin-a-mu8ok.jpg,https://frontyardaura.com/pins/front-yard-flower-bed-ideas-with-stone-edging-pin-a-mu8ok.jpg,1000,1500
front-yard-flower-bed-ideas-with-stone-edging-b,front-yard-flower-bed-ideas-with-stone-edging,Front Yard Flower Bed Ideas With Stone Edging,approved,no,missing_visible_house_exterior,flower-bed,Flower bed or flowers visible,88,unsplash:photo-1722170943012-aff2395d5b1a,photo 1722170943012 aff2395d5b1a,unsplash-search,https://images.unsplash.com/photo-1722170943012-aff2395d5b1a,front-yard-flower-bed-ideas-with-stone-edging-pin-b-n48a9.jpg,https://frontyardaura.com/pins/front-yard-flower-bed-ideas-with-stone-edging-pin-b-n48a9.jpg,1000,1500
front-yard-flower-bed-ideas-with-stone-edging-c,front-yard-flower-bed-ideas-with-stone-edging,Front Yard Flower Bed Ideas With Stone Edging,approved,no,missing_visible_house_exterior,flower-bed,Flower bed or flowers visible,82,unsplash:photo-1749803915455-a7642520d0d3,photo 1749803915455 a7642520d0d3,unsplash-search,https://images.unsplash.com/photo-1749803915455-a7642520d0d3,front-yard-flower-bed-ideas-with-stone-edging-pin-c-ne7vy.jpg,https://frontyardaura.com/pins/front-yard-flower-bed-ideas-with-stone-edging-pin-c-ne7vy.jpg,1000,1500
front-yard-flower-border-along-walkway-a,front-yard-flower-border-along-walkway,Front Yard Flower Border Ideas Along a Walkway,approved,no,missing_visible_house_exterior,flower-bed,Flower bed or flowers visible,88,unsplash:photo-1779565145494-bab59ef83256,photo 1779565145494 bab59ef83256,unsplash-search,https://images.unsplash.com/photo-1779565145494-bab59ef83256,front-yard-flower-border-along-walkway-pin-a-1gvh5.jpg,https://frontyardaura.com/pins/front-yard-flower-border-along-walkway-pin-a-1gvh5.jpg,1000,1500
front-yard-flower-border-along-walkway-b,front-yard-flower-border-along-walkway,Front Yard Flower Border Ideas Along a Walkway,approved,no,missing_visible_house_exterior,flower-bed,Flower bed or flowers visible,82,unsplash:photo-1626241310961-0cf647b02ee6,photo 1626241310961 0cf647b02ee6,unsplash-search,https://images.unsplash.com/photo-1626241310961-0cf647b02ee6,front-yard-flower-border-along-walkway-pin-b-1glhk.jpg,https://frontyardaura.com/pins/front-yard-flower-border-along-walkway-pin-b-1glhk.jpg,1000,1500
front-yard-flower-border-along-walkway-c,front-yard-flower-border-along-walkway,Front Yard Flower Border Ideas Along a Walkway,approved,no,missing_visible_house_exterior,flower-bed,Flower bed or flowers visible,82,unsplash:photo-1758628290793-6c6cce43081c,photo 1758628290793 6c6cce43081c,unsplash-search,https://images.unsplash.com/photo-1758628290793-6c6cce43081c,front-yard-flower-border-along-walkway-pin-c-1gbhy.jpg,https://frontyardaura.com/pins/front-yard-flower-border-along-walkway-pin-c-1gbhy.jpg,1000,1500
front-yard-hydrangea-bed-ideas-a,front-yard-hydrangea-bed-ideas,Front Yard Hydrangea Bed Ideas,approved,no,missing_visible_house_exterior; missing_landscaping_element,flower-bed,Flower bed or flowers visible,88,unsplash:photo-1752164052661-b90c84c1f42f,photo 1752164052661 b90c84c1f42f,unsplash-search,https://images.unsplash.com/photo-1752164052661-b90c84c1f42f,front-yard-hydrangea-bed-ideas-pin-a-uu4sz.jpg,https://frontyardaura.com/pins/front-yard-hydrangea-bed-ideas-pin-a-uu4sz.jpg,1000,1500
front-yard-hydrangea-bed-ideas-b,front-yard-hydrangea-bed-ideas,Front Yard Hydrangea Bed Ideas,approved,no,missing_visible_house_exterior,flower-bed,Flower bed or flowers visible,88,unsplash:photo-1657050168204-0fa04c6acf18,photo 1657050168204 0fa04c6acf18,unsplash-search,https://images.unsplash.com/photo-1657050168204-0fa04c6acf18,front-yard-hydrangea-bed-ideas-pin-b-u05zw.jpg,https://frontyardaura.com/pins/front-yard-hydrangea-bed-ideas-pin-b-u05zw.jpg,1000,1500
front-yard-hydrangea-bed-ideas-c,front-yard-hydrangea-bed-ideas,Front Yard Hydrangea Bed Ideas,approved,no,missing_visible_house_exterior,flower-bed,Flower bed or flowers visible,88,unsplash:photo-1722332542271-8347418d3873,photo 1722332542271 8347418d3873,unsplash-search,https://images.unsplash.com/photo-1722332542271-8347418d3873,front-yard-hydrangea-bed-ideas-pin-c-ua5ll.jpg,https://frontyardaura.com/pins/front-yard-hydrangea-bed-ideas-pin-c-ua5ll.jpg,1000,1500
front-yard-landscaping-for-red-brick-homes-a,front-yard-landscaping-for-red-brick-homes,Front Yard Landscaping for Red Brick Homes,approved,yes,,front-yard-exterior,Front yard and exterior visible,92,unsplash:photo-1722491945663-efc528ef36e5,photo 1722491945663 efc528ef36e5,unsplash-search,https://images.unsplash.com/photo-1722491945663-efc528ef36e5,front-yard-landscaping-for-red-brick-homes-pin-a-w3r3p.jpg,https://frontyardaura.com/pins/front-yard-landscaping-for-red-brick-homes-pin-a-w3r3p.jpg,1000,1500
front-yard-lavender-landscaping-ideas-a,front-yard-lavender-landscaping-ideas,Front Yard Lavender Landscaping Ideas,approved,no,missing_visible_house_exterior,flower-bed,Flower bed or flowers visible,88,unsplash:photo-1779691121515-e98858816498,photo 1779691121515 e98858816498,unsplash-search,https://images.unsplash.com/photo-1779691121515-e98858816498,front-yard-lavender-landscaping-ideas-pin-a-k2tvx.jpg,https://frontyardaura.com/pins/front-yard-lavender-landscaping-ideas-pin-a-k2tvx.jpg,1000,1500
front-yard-lavender-landscaping-ideas-b,front-yard-lavender-landscaping-ideas,Front Yard Lavender Landscaping Ideas,approved,no,missing_visible_house_exterior,flower-bed,Flower bed or flowers visible,88,unsplash:photo-1778682586988-0b7974c223d6,photo 1778682586988 0b7974c223d6,unsplash-search,https://images.unsplash.com/photo-1778682586988-0b7974c223d6,front-yard-lavender-landscaping-ideas-pin-b-jsua8.jpg,https://frontyardaura.com/pins/front-yard-lavender-landscaping-ideas-pin-b-jsua8.jpg,1000,1500
front-yard-lavender-landscaping-ideas-c,front-yard-lavender-landscaping-ideas,Front Yard Lavender Landscaping Ideas,approved,no,missing_visible_house_exterior,flower-bed,Flower bed or flowers visible,88,unsplash:photo-1779565462936-239c00cb96fb,photo 1779565462936 239c00cb96fb,unsplash-search,https://images.unsplash.com/photo-1779565462936-239c00cb96fb,front-yard-lavender-landscaping-ideas-pin-c-jiuoj.jpg,https://frontyardaura.com/pins/front-yard-lavender-landscaping-ideas-pin-c-jiuoj.jpg,1000,1500
front-yard-luxury-curb-appeal-ideas-a,front-yard-luxury-curb-appeal-ideas,Luxury Front Yard Curb Appeal Ideas,approved,no,missing_required_title_element; missing_visible_front_yard,front-yard-exterior,Front yard and exterior visible,92,unsplash:photo-1707676551335-3023dff9c991,photo 1707676551335 3023dff9c991,unsplash-search,https://images.unsplash.com/photo-1707676551335-3023dff9c991,front-yard-luxury-curb-appeal-ideas-pin-a-1ogtv.jpg,https://frontyardaura.com/pins/front-yard-luxury-curb-appeal-ideas-pin-a-1ogtv.jpg,1000,1500
front-yard-luxury-curb-appeal-ideas-b,front-yard-luxury-curb-appeal-ideas,Luxury Front Yard Curb Appeal Ideas,approved,yes,,front-yard-exterior,Front yard and exterior visible,92,unsplash:photo-1755140584836-9771b5f51575,photo 1755140584836 9771b5f51575,unsplash-search,https://images.unsplash.com/photo-1755140584836-9771b5f51575,front-yard-luxury-curb-appeal-ideas-pin-b-1o6ua.jpg,https://frontyardaura.com/pins/front-yard-luxury-curb-appeal-ideas-pin-b-1o6ua.jpg,1000,1500
front-yard-minimalist-landscaping-ideas-a,front-yard-minimalist-landscaping-ideas,Minimalist Front Yard Landscaping Ideas,approved,yes,,front-yard-exterior,Front yard and exterior visible,98,unsplash:photo-1694759988947-4afc181b9811,photo 1694759988947 4afc181b9811,unsplash-search,https://images.unsplash.com/photo-1694759988947-4afc181b9811,front-yard-minimalist-landscaping-ideas-pin-a-o93st.jpg,https://frontyardaura.com/pins/front-yard-minimalist-landscaping-ideas-pin-a-o93st.jpg,1000,1500
front-yard-minimalist-landscaping-ideas-b,front-yard-minimalist-landscaping-ideas,Minimalist Front Yard Landscaping Ideas,approved,no,missing_landscaping_element,front-yard-exterior,Front yard and exterior visible,98,unsplash:photo-1778064504474-d7076d4e26aa,photo 1778064504474 d7076d4e26aa,unsplash-search,https://images.unsplash.com/photo-1778064504474-d7076d4e26aa,front-yard-minimalist-landscaping-ideas-pin-b-p32lw.jpg,https://frontyardaura.com/pins/front-yard-minimalist-landscaping-ideas-pin-b-p32lw.jpg,1000,1500
front-yard-pathway-border-ideas-with-plants-a,front-yard-pathway-border-ideas-with-plants,Front Yard Pathway Border Ideas With Plants,approved,no,missing_visible_house_exterior,walkway,Walkway or path visible,88,unsplash:photo-1720744327355-31ce04b47c2b,photo 1720744327355 31ce04b47c2b,unsplash-search,https://images.unsplash.com/photo-1720744327355-31ce04b47c2b,front-yard-pathway-border-ideas-with-plants-pin-a-114ty.jpg,https://frontyardaura.com/pins/front-yard-pathway-border-ideas-with-plants-pin-a-114ty.jpg,1000,1500
front-yard-pathway-border-ideas-with-plants-b,front-yard-pathway-border-ideas-with-plants,Front Yard Pathway Border Ideas With Plants,approved,no,missing_visible_house_exterior,walkway,Walkway or path visible,82,unsplash:photo-1579847198181-412a0d0487d0,photo 1579847198181 412a0d0487d0,unsplash-search,https://images.unsplash.com/photo-1579847198181-412a0d0487d0,front-yard-pathway-border-ideas-with-plants-pin-b-10av5.jpg,https://frontyardaura.com/pins/front-yard-pathway-border-ideas-with-plants-pin-b-10av5.jpg,1000,1500
front-yard-pathway-border-ideas-with-plants-c,front-yard-pathway-border-ideas-with-plants,Front Yard Pathway Border Ideas With Plants,approved,no,missing_visible_house_exterior; missing_landscaping_element,walkway,Walkway or path visible,82,unsplash:photo-1542332934-a11521aeb7d8,photo 1542332934 a11521aeb7d8,unsplash-search,https://images.unsplash.com/photo-1542332934-a11521aeb7d8,front-yard-pathway-border-ideas-with-plants-pin-c-10kuq.jpg,https://frontyardaura.com/pins/front-yard-pathway-border-ideas-with-plants-pin-c-10kuq.jpg,1000,1500
front-yard-rock-garden-with-flowers-a,front-yard-rock-garden-with-flowers,Front Yard Rock Garden With Flowers,approved,no,missing_visible_front_yard,flower-bed,Flower bed or flowers visible,84,unsplash:photo-1709605390663-69cca089ecd0,photo 1709605390663 69cca089ecd0,unsplash-search,https://images.unsplash.com/photo-1709605390663-69cca089ecd0,front-yard-rock-garden-with-flowers-pin-a-1sp7u.jpg,https://frontyardaura.com/pins/front-yard-rock-garden-with-flowers-pin-a-1sp7u.jpg,1000,1500
front-yard-rock-landscaping-for-sloped-yards-a,front-yard-rock-landscaping-for-sloped-yards,Front Yard Rock Landscaping for Sloped Yards,approved,no,missing_visible_house_exterior,rock-landscaping,"Rocks, boulders, or gravel visible",88,unsplash:photo-1725105260797-f108863c9931,photo 1725105260797 f108863c9931,unsplash-search,https://images.unsplash.com/photo-1725105260797-f108863c9931,front-yard-rock-landscaping-for-sloped-yards-pin-a-13s86.jpg,https://frontyardaura.com/pins/front-yard-rock-landscaping-for-sloped-yards-pin-a-13s86.jpg,1000,1500
front-yard-rock-landscaping-modern-ideas-a,front-yard-rock-landscaping-modern-ideas,Front Yard Landscaping With Rocks That Looks Modern,approved,no,missing_visible_house_exterior,rock-landscaping,"Rocks, boulders, or gravel visible",88,unsplash:photo-1725105260929-f03a1dc1d014,photo 1725105260929 f03a1dc1d014,unsplash-search,https://images.unsplash.com/photo-1725105260929-f03a1dc1d014,front-yard-rock-landscaping-modern-ideas-pin-a-1klis.jpg,https://frontyardaura.com/pins/front-yard-rock-landscaping-modern-ideas-pin-a-1klis.jpg,1000,1500
front-yard-sloped-landscaping-ideas-with-retaining-walls-a,front-yard-sloped-landscaping-ideas-with-retaining-walls,Front Yard Sloped Landscaping Ideas With Retaining Walls,approved,no,missing_visible_front_yard,rock-landscaping,"Rocks, boulders, or gravel visible",90,unsplash:photo-1675583095333-56a7a3ccdcca,photo 1675583095333 56a7a3ccdcca,unsplash-search,https://images.unsplash.com/photo-1675583095333-56a7a3ccdcca,front-yard-sloped-landscaping-ideas-with-retaining-walls-pin-a-1tial.jpg,https://frontyardaura.com/pins/front-yard-sloped-landscaping-ideas-with-retaining-walls-pin-a-1tial.jpg,1000,1500
front-yard-stepping-stone-walkway-ideas-a,front-yard-stepping-stone-walkway-ideas,Front Yard Stepping Stone Walkway Ideas,approved,no,missing_visible_house_exterior,rock-landscaping,"Rocks, boulders, or gravel visible",88,unsplash:photo-1751286621462-fa5e98c197b6,photo 1751286621462 fa5e98c197b6,unsplash-search,https://images.unsplash.com/photo-1751286621462-fa5e98c197b6,front-yard-stepping-stone-walkway-ideas-pin-a-12ikq.jpg,https://frontyardaura.com/pins/front-yard-stepping-stone-walkway-ideas-pin-a-12ikq.jpg,1000,1500
front-yard-stepping-stone-walkway-ideas-b,front-yard-stepping-stone-walkway-ideas,Front Yard Stepping Stone Walkway Ideas,approved,no,missing_visible_house_exterior,rock-landscaping,"Rocks, boulders, or gravel visible",82,unsplash:photo-1778169288447-9224c938d7e3,photo 1778169288447 9224c938d7e3,unsplash-search,https://images.unsplash.com/photo-1778169288447-9224c938d7e3,front-yard-stepping-stone-walkway-ideas-pin-b-11olx.jpg,https://frontyardaura.com/pins/front-yard-stepping-stone-walkway-ideas-pin-b-11olx.jpg,1000,1500
front-yard-stepping-stone-walkway-ideas-c,front-yard-stepping-stone-walkway-ideas,Front Yard Stepping Stone Walkway Ideas,approved,no,missing_visible_house_exterior,rock-landscaping,"Rocks, boulders, or gravel visible",82,unsplash:photo-1747550239103-0808fe12d7a0,photo 1747550239103 0808fe12d7a0,unsplash-search,https://images.unsplash.com/photo-1747550239103-0808fe12d7a0,front-yard-stepping-stone-walkway-ideas-pin-c-11ylj.jpg,https://frontyardaura.com/pins/front-yard-stepping-stone-walkway-ideas-pin-c-11ylj.jpg,1000,1500
modern-front-yard-concrete-walkway-ideas-a,modern-front-yard-concrete-walkway-ideas,Modern Concrete Walkway Ideas for Front Yards,approved,no,missing_visible_house_exterior,walkway,Walkway or path visible,88,unsplash:photo-1698163086100-140935a69c9e,photo 1698163086100 140935a69c9e,unsplash-search,https://images.unsplash.com/photo-1698163086100-140935a69c9e,modern-front-yard-concrete-walkway-ideas-pin-a-1avd5.jpg,https://frontyardaura.com/pins/modern-front-yard-concrete-walkway-ideas-pin-a-1avd5.jpg,1000,1500
modern-front-yard-concrete-walkway-ideas-b,modern-front-yard-concrete-walkway-ideas,Modern Concrete Walkway Ideas for Front Yards,approved,no,missing_visible_house_exterior,walkway,Walkway or path visible,82,unsplash:photo-1714894694258-8aa4bc6f5577,photo 1714894694258 8aa4bc6f5577,unsplash-search,https://images.unsplash.com/photo-1714894694258-8aa4bc6f5577,modern-front-yard-concrete-walkway-ideas-pin-b-1bpby.jpg,https://frontyardaura.com/pins/modern-front-yard-concrete-walkway-ideas-pin-b-1bpby.jpg,1000,1500
modern-front-yard-concrete-walkway-ideas-c,modern-front-yard-concrete-walkway-ideas,Modern Concrete Walkway Ideas for Front Yards,approved,no,missing_visible_house_exterior; missing_landscaping_element,walkway,Walkway or path visible,82,unsplash:photo-1741252453954-879d8c395d71,photo 1741252453954 879d8c395d71,unsplash-search,https://images.unsplash.com/photo-1741252453954-879d8c395d71,modern-front-yard-concrete-walkway-ideas-pin-c-1bfcd.jpg,https://frontyardaura.com/pins/modern-front-yard-concrete-walkway-ideas-pin-c-1bfcd.jpg,1000,1500
modern-front-yard-horizontal-fence-landscaping-a,modern-front-yard-horizontal-fence-landscaping,Modern Front Yard Landscaping With a Horizontal Fence,approved,no,missing_landscaping_element,fence-screen,"Fence, gate, or privacy screen visible",98,unsplash:photo-1707240427702-aa6d7c37f00b,photo 1707240427702 aa6d7c37f00b,unsplash-search,https://images.unsplash.com/photo-1707240427702-aa6d7c37f00b,modern-front-yard-horizontal-fence-landscaping-pin-a-rpw68.jpg,https://frontyardaura.com/pins/modern-front-yard-horizontal-fence-landscaping-pin-a-rpw68.jpg,1000,1500
modern-front-yard-horizontal-fence-landscaping-b,modern-front-yard-horizontal-fence-landscaping,Modern Front Yard Landscaping With a Horizontal Fence,approved,no,missing_visible_house_exterior,fence-screen,"Fence, gate, or privacy screen visible",96,unsplash:photo-1731341712409-bed6b2ca6dfe,photo 1731341712409 bed6b2ca6dfe,unsplash-search,https://images.unsplash.com/photo-1731341712409-bed6b2ca6dfe,modern-front-yard-horizontal-fence-landscaping-pin-b-1lop9.jpg,https://frontyardaura.com/pins/modern-front-yard-horizontal-fence-landscaping-pin-b-1lop9.jpg,1000,1500
modern-front-yard-ideas-for-flat-roof-homes-a,modern-front-yard-ideas-for-flat-roof-homes,Modern Front Yard Ideas for Flat Roof Homes,approved,yes,,front-yard-exterior,Front yard and exterior visible,98,unsplash:photo-1713026510972-f243366bb717,photo 1713026510972 f243366bb717,unsplash-search,https://images.unsplash.com/photo-1713026510972-f243366bb717,modern-front-yard-ideas-for-flat-roof-homes-pin-a-jt7qp.jpg,https://frontyardaura.com/pins/modern-front-yard-ideas-for-flat-roof-homes-pin-a-jt7qp.jpg,1000,1500
modern-front-yard-ideas-for-flat-roof-homes-b,modern-front-yard-ideas-for-flat-roof-homes,Modern Front Yard Ideas for Flat Roof Homes,approved,yes,,front-yard-exterior,Front yard and exterior visible,98,unsplash:photo-1675779764711-07c67f65eb2e,photo 1675779764711 07c67f65eb2e,unsplash-search,https://images.unsplash.com/photo-1675779764711-07c67f65eb2e,modern-front-yard-ideas-for-flat-roof-homes-pin-b-1yqyg.jpg,https://frontyardaura.com/pins/modern-front-yard-ideas-for-flat-roof-homes-pin-b-1yqyg.jpg,1000,1500
modern-front-yard-ideas-with-black-mulch-a,modern-front-yard-ideas-with-black-mulch,Modern Front Yard Ideas With Black Mulch,approved,no,missing_visible_house_exterior,low-maintenance,Low-maintenance front yard materials visible,82,unsplash:photo-1765591938713-f7a071348238,photo 1765591938713 f7a071348238,unsplash-search,https://images.unsplash.com/photo-1765591938713-f7a071348238,modern-front-yard-ideas-with-black-mulch-pin-a-5v4jc.jpg,https://frontyardaura.com/pins/modern-front-yard-ideas-with-black-mulch-pin-a-5v4jc.jpg,1000,1500
modern-front-yard-ideas-with-floating-steps-a,modern-front-yard-ideas-with-floating-steps,Modern Front Yard Ideas With Floating Steps,approved,no,missing_visible_front_yard,walkway,Walkway or path visible,90,unsplash:photo-1750569449339-6f315db40e98,photo 1750569449339 6f315db40e98,unsplash-search,https://images.unsplash.com/photo-1750569449339-6f315db40e98,modern-front-yard-ideas-with-floating-steps-pin-a-vj76i.jpg,https://frontyardaura.com/pins/modern-front-yard-ideas-with-floating-steps-pin-a-vj76i.jpg,1000,1500
modern-front-yard-ideas-with-warm-exterior-lighting-a,modern-front-yard-ideas-with-warm-exterior-lighting,Modern Front Yard Ideas With Warm Exterior Lighting,approved,no,missing_visible_house_exterior,lighting,Outdoor/path lighting visible,82,unsplash:photo-1766328371695-8aaf72f89d3d,photo 1766328371695 8aaf72f89d3d,unsplash-search,https://images.unsplash.com/photo-1766328371695-8aaf72f89d3d,modern-front-yard-ideas-with-warm-exterior-lighting-pin-a-154j3.jpg,https://frontyardaura.com/pins/modern-front-yard-ideas-with-warm-exterior-lighting-pin-a-154j3.jpg,1000,1500
modern-front-yard-ideas-with-white-stone-a,modern-front-yard-ideas-with-white-stone,Modern Front Yard Ideas With White Stone,approved,yes,,rock-landscaping,"Rocks, boulders, or gravel visible",104,unsplash:photo-1766603636774-5f328e0da870,photo 1766603636774 5f328e0da870,unsplash-search,https://images.unsplash.com/photo-1766603636774-5f328e0da870,modern-front-yard-ideas-with-white-stone-pin-a-opecf.jpg,https://frontyardaura.com/pins/modern-front-yard-ideas-with-white-stone-pin-a-opecf.jpg,1000,1500
modern-front-yard-metal-edging-ideas-a,modern-front-yard-metal-edging-ideas,Modern Front Yard Metal Edging Ideas,approved,yes,,front-yard-exterior,Front yard and exterior visible,104,unsplash:photo-1716319487764-f269292ade72,photo 1716319487764 f269292ade72,unsplash-search,https://images.unsplash.com/photo-1716319487764-f269292ade72,modern-front-yard-metal-edging-ideas-pin-a-q4uqi.jpg,https://frontyardaura.com/pins/modern-front-yard-metal-edging-ideas-pin-a-q4uqi.jpg,1000,1500
modern-front-yard-ornamental-grass-ideas-a,modern-front-yard-ornamental-grass-ideas,Modern Front Yard Ornamental Grass Ideas,approved,no,missing_visible_house_exterior,lawn,"Lawn, grass, or lawn stripes visible",82,unsplash:photo-1757604565021-817bf0ace97a,photo 1757604565021 817bf0ace97a,unsplash-search,https://images.unsplash.com/photo-1757604565021-817bf0ace97a,modern-front-yard-ornamental-grass-ideas-pin-a-13hnj.jpg,https://frontyardaura.com/pins/modern-front-yard-ornamental-grass-ideas-pin-a-13hnj.jpg,1000,1500
modern-front-yard-ornamental-grass-ideas-b,modern-front-yard-ornamental-grass-ideas,Modern Front Yard Ornamental Grass Ideas,approved,no,missing_visible_house_exterior,lawn,"Lawn, grass, or lawn stripes visible",82,unsplash:photo-1756641878899-b1822b44f869,photo 1756641878899 b1822b44f869,unsplash-search,https://images.unsplash.com/photo-1756641878899-b1822b44f869,modern-front-yard-ornamental-grass-ideas-pin-b-14bmc.jpg,https://frontyardaura.com/pins/modern-front-yard-ornamental-grass-ideas-pin-b-14bmc.jpg,1000,1500
modern-front-yard-ornamental-grass-ideas-c,modern-front-yard-ornamental-grass-ideas,Modern Front Yard Ornamental Grass Ideas,approved,no,missing_visible_house_exterior,lawn,"Lawn, grass, or lawn stripes visible",82,unsplash:photo-1765720303080-3024bda956dc,photo 1765720303080 3024bda956dc,unsplash-search,https://images.unsplash.com/photo-1765720303080-3024bda956dc,modern-front-yard-ornamental-grass-ideas-pin-c-141mq.jpg,https://frontyardaura.com/pins/modern-front-yard-ornamental-grass-ideas-pin-c-141mq.jpg,1000,1500
modern-front-yard-paver-ideas-a,modern-front-yard-paver-ideas,Modern Front Yard Paver Ideas,approved,no,missing_visible_house_exterior; missing_landscaping_element,walkway,Walkway or path visible,82,unsplash:photo-1779176954620-f17b95677bb7,photo 1779176954620 f17b95677bb7,unsplash-search,https://images.unsplash.com/photo-1779176954620-f17b95677bb7,modern-front-yard-paver-ideas-pin-a-vtqf2.jpg,https://frontyardaura.com/pins/modern-front-yard-paver-ideas-pin-a-vtqf2.jpg,1000,1500
modern-front-yard-paver-ideas-b,modern-front-yard-paver-ideas,Modern Front Yard Paver Ideas,approved,no,missing_visible_house_exterior; missing_landscaping_element,walkway,Walkway or path visible,82,unsplash:photo-1777451650918-6725280df1b1,photo 1777451650918 6725280df1b1,unsplash-search,https://images.unsplash.com/photo-1777451650918-6725280df1b1,modern-front-yard-paver-ideas-pin-b-vjqtd.jpg,https://frontyardaura.com/pins/modern-front-yard-paver-ideas-pin-b-vjqtd.jpg,1000,1500
modern-front-yard-paver-ideas-c,modern-front-yard-paver-ideas,Modern Front Yard Paver Ideas,approved,no,missing_visible_house_exterior,walkway,Walkway or path visible,82,unsplash:photo-1759583884895-06e8cbfd4c2c,photo 1759583884895 06e8cbfd4c2c,unsplash-search,https://images.unsplash.com/photo-1759583884895-06e8cbfd4c2c,modern-front-yard-paver-ideas-pin-c-v9r7o.jpg,https://frontyardaura.com/pins/modern-front-yard-paver-ideas-pin-c-v9r7o.jpg,1000,1500
narrow-front-yard-landscaping-ideas-a,narrow-front-yard-landscaping-ideas,Narrow Front Yard Landscaping Ideas That Feel Balanced,approved,no,missing_visible_house_exterior,small-front-yard,Small or compact front yard visible,82,unsplash:photo-1636353166189-d9c9f2fdcd2b,photo 1636353166189 d9c9f2fdcd2b,unsplash-search,https://images.unsplash.com/photo-1636353166189-d9c9f2fdcd2b,narrow-front-yard-landscaping-ideas-pin-a-44i1k.jpg,https://frontyardaura.com/pins/narrow-front-yard-landscaping-ideas-pin-a-44i1k.jpg,1000,1500
small-front-yard-courtyard-entry-ideas-a,small-front-yard-courtyard-entry-ideas,Small Front Yard Courtyard Entry Ideas,approved,no,missing_landscaping_element,small-front-yard,Small or compact front yard visible,98,unsplash:photo-1669181120940-21b180f2c3a6,photo 1669181120940 21b180f2c3a6,unsplash-search,https://images.unsplash.com/photo-1669181120940-21b180f2c3a6,small-front-yard-courtyard-entry-ideas-pin-a-16hva.jpg,https://frontyardaura.com/pins/small-front-yard-courtyard-entry-ideas-pin-a-16hva.jpg,1000,1500
small-front-yard-ideas-for-city-houses-a,small-front-yard-ideas-for-city-houses,Small Front Yard Ideas for City Houses,approved,no,missing_landscaping_element,small-front-yard,Small or compact front yard visible,98,unsplash:photo-1724268421749-6b509aafe15d,photo 1724268421749 6b509aafe15d,unsplash-search,https://images.unsplash.com/photo-1724268421749-6b509aafe15d,small-front-yard-ideas-for-city-houses-pin-a-1sezf.jpg,https://frontyardaura.com/pins/small-front-yard-ideas-for-city-houses-pin-a-1sezf.jpg,1000,1500
small-front-yard-ideas-with-a-narrow-lawn-strip-a,small-front-yard-ideas-with-a-narrow-lawn-strip,Small Front Yard Ideas With a Narrow Lawn Strip,approved,no,missing_visible_house_exterior,small-front-yard,Small or compact front yard visible,82,unsplash:photo-1753805280489-4cb747d28cc8,photo 1753805280489 4cb747d28cc8,unsplash-search,https://images.unsplash.com/photo-1753805280489-4cb747d28cc8,small-front-yard-ideas-with-a-narrow-lawn-strip-pin-a-zkd02.jpg,https://frontyardaura.com/pins/small-front-yard-ideas-with-a-narrow-lawn-strip-pin-a-zkd02.jpg,1000,1500
small-front-yard-ideas-with-sidewalk-to-door-flow-a,small-front-yard-ideas-with-sidewalk-to-door-flow,Small Front Yard Ideas With Sidewalk to Door Flow,approved,yes,,small-front-yard,Small or compact front yard visible,98,unsplash:photo-1644545380481-f1486e9c32e6,photo 1644545380481 f1486e9c32e6,unsplash-search,https://images.unsplash.com/photo-1644545380481-f1486e9c32e6,small-front-yard-ideas-with-sidewalk-to-door-flow-pin-a-1nlyq.jpg,https://frontyardaura.com/pins/small-front-yard-ideas-with-sidewalk-to-door-flow-pin-a-1nlyq.jpg,1000,1500
small-front-yard-landscaping-for-bungalows-a,small-front-yard-landscaping-for-bungalows,Small Front Yard Landscaping for Bungalows,approved,no,missing_visible_house_exterior,small-front-yard,Small or compact front yard visible,82,unsplash:photo-1714894695088-a3b9b208d8ed,photo 1714894695088 a3b9b208d8ed,unsplash-search,https://images.unsplash.com/photo-1714894695088-a3b9b208d8ed,small-front-yard-landscaping-for-bungalows-pin-a-1eg7q.jpg,https://frontyardaura.com/pins/small-front-yard-landscaping-for-bungalows-pin-a-1eg7q.jpg,1000,1500
small-front-yard-landscaping-for-bungalows-b,small-front-yard-landscaping-for-bungalows,Small Front Yard Landscaping for Bungalows,approved,no,missing_visible_house_exterior,small-front-yard,Small or compact front yard visible,82,unsplash:photo-1694771170304-c7717b9a4e3a,photo 1694771170304 c7717b9a4e3a,unsplash-search,https://images.unsplash.com/photo-1694771170304-c7717b9a4e3a,small-front-yard-landscaping-for-bungalows-pin-b-1e685.jpg,https://frontyardaura.com/pins/small-front-yard-landscaping-for-bungalows-pin-b-1e685.jpg,1000,1500
small-front-yard-landscaping-for-narrow-brick-homes-a,small-front-yard-landscaping-for-narrow-brick-homes,Small Front Yard Landscaping for Narrow Brick Homes,approved,no,missing_visible_front_yard; missing_landscaping_element,small-front-yard,Small or compact front yard visible,84,unsplash:photo-1771460806227-6930b32bb3cf,photo 1771460806227 6930b32bb3cf,unsplash-search,https://images.unsplash.com/photo-1771460806227-6930b32bb3cf,small-front-yard-landscaping-for-narrow-brick-homes-pin-a-12t1u.jpg,https://frontyardaura.com/pins/small-front-yard-landscaping-for-narrow-brick-homes-pin-a-12t1u.jpg,1000,1500
small-front-yard-landscaping-for-split-level-homes-a,small-front-yard-landscaping-for-split-level-homes,Small Front Yard Landscaping for Split-Level Homes,approved,no,missing_visible_house_exterior,small-front-yard,Small or compact front yard visible,88,unsplash:photo-1719805022376-bad835523b2e,photo 1719805022376 bad835523b2e,unsplash-search,https://images.unsplash.com/photo-1719805022376-bad835523b2e,small-front-yard-landscaping-for-split-level-homes-pin-a-1o3k3.jpg,https://frontyardaura.com/pins/small-front-yard-landscaping-for-split-level-homes-pin-a-1o3k3.jpg,1000,1500
small-front-yard-landscaping-with-a-front-gate-a,small-front-yard-landscaping-with-a-front-gate,Small Front Yard Landscaping With a Front Gate,approved,no,missing_visible_house_exterior,small-front-yard,Small or compact front yard visible,82,unsplash:photo-1662814384581-329ce8fdfdcd,photo 1662814384581 329ce8fdfdcd,unsplash-search,https://images.unsplash.com/photo-1662814384581-329ce8fdfdcd,small-front-yard-landscaping-with-a-front-gate-pin-a-qqnqr.jpg,https://frontyardaura.com/pins/small-front-yard-landscaping-with-a-front-gate-pin-a-qqnqr.jpg,1000,1500
small-front-yard-landscaping-with-porch-steps-a,small-front-yard-landscaping-with-porch-steps,Small Front Yard Landscaping With Porch Steps,approved,no,missing_visible_front_yard,small-front-yard,Small or compact front yard visible,92,unsplash:photo-1778710653679-68ea83014bba,photo 1778710653679 68ea83014bba,unsplash-search,https://images.unsplash.com/photo-1778710653679-68ea83014bba,small-front-yard-landscaping-with-porch-steps-pin-a-16e1g.jpg,https://frontyardaura.com/pins/small-front-yard-landscaping-with-porch-steps-pin-a-16e1g.jpg,1000,1500
small-front-yard-landscaping-with-porch-steps-b,small-front-yard-landscaping-with-porch-steps,Small Front Yard Landscaping With Porch Steps,approved,no,missing_visible_front_yard; missing_landscaping_element,small-front-yard,Small or compact front yard visible,92,unsplash:photo-1745555483488-b1ee62b91166,photo 1745555483488 b1ee62b91166,unsplash-search,https://images.unsplash.com/photo-1745555483488-b1ee62b91166,small-front-yard-landscaping-with-porch-steps-pin-b-15k2n.jpg,https://frontyardaura.com/pins/small-front-yard-landscaping-with-porch-steps-pin-b-15k2n.jpg,1000,1500
small-front-yard-walkway-and-porch-ideas-a,small-front-yard-walkway-and-porch-ideas,Small Front Yard Walkway and Porch Ideas,approved,no,missing_visible_front_yard; missing_landscaping_element,small-front-yard,Small or compact front yard visible,98,unsplash:photo-1719965249785-bc1bd672b07d,photo 1719965249785 bc1bd672b07d,unsplash-search,https://images.unsplash.com/photo-1719965249785-bc1bd672b07d,small-front-yard-walkway-and-porch-ideas-pin-a-pesni.jpg,https://frontyardaura.com/pins/small-front-yard-walkway-and-porch-ideas-pin-a-pesni.jpg,1000,1500
